{"_id":7369,"empName":"Smith","designation":"CLERK","mgrID":7902,"hireDate":"1980-12-17T00:00:00","salary":800,"deptID":20,"hasComm":false}
{"_id":7499,"empName":"Allen","designation":"SALESMAN","mgrID":7698,"hireDate":"1981-02-20T00:00:00","salary":1600,"deptID":30,"hasComm":true}
{"_id":7521,"empName":"Ward","designation":"SALESMAN","mgrID":7698,"hireDate":"1981-02-22T00:00:00","salary":1250,"deptID":30,"hasComm":true}
{"_id":7566,"empName":"Jones","designation":"MANAGER","mgrID":7839,"hireDate":"1981-04-02T00:00:00","salary":2975,"deptID":20,"hasComm":false}
{"_id":7654,"empName":"Martin","designation":"SALESMAN","mgrID":7698,"hireDate":"1981-09-28T00:00:00","salary":1250,"deptID":30,"hasComm":true}
{"_id":7698,"empName":"Blake","designation":"MANAGER","mgrID":7839,"hireDate":"1981-05-01T00:00:00","salary":2850,"deptID":30,"hasComm":false}
{"_id":7782,"empName":"Clark","designation":"MANAGER","mgrID":7839,"hireDate":"1981-06-09T00:00:00","salary":2450,"deptID":10,"hasComm":false}
{"_id":7788,"empName":"Scott","designation":"ANALYST","mgrID":7566,"hireDate":"1982-12-09T00:00:00","salary":3000,"deptID":20,"hasComm":false}
{"_id":7839,"empName":"King","designation":"PRESIDENT","mgrID":null,"hireDate":"1981-11-17T00:00:00","salary":5000,"deptID":10,"hasComm":false}
{"_id":7844,"empName":"Turner","designation":"SALESMAN","mgrID":7698,"hireDate":"1981-09-08T00:00:00","salary":1500,"deptID":30,"hasComm":true}
{"_id":7876,"empName":"Adams","designation":"CLERK","mgrID":7788,"hireDate":"1983-01-12T00:00:00","salary":1100,"deptID":20,"hasComm":false}
{"_id":7900,"empName":"James","designation":"CLERK","mgrID":7698,"hireDate":"1981-12-03T00:00:00","salary":950,"deptID":30,"hasComm":false}
{"_id":7902,"empName":"Ford","designation":"ANALYST","mgrID":7566,"hireDate":"1981-12-03T00:00:00","salary":3000,"deptID":20,"hasComm":false}
{"_id":7934,"empName":"Miller","designation":"CLERK","mgrID":7782,"hireDate":"1982-01-23T00:00:00","salary":1300,"deptID":10,"hasComm":false}
